{"method_name": "reinforce_with_gae", "args": {"n_iter": 100, "alpha": 1.0, "gamma": 1.0, "lam": 0.95, "entropy_beta": 0.005}, "n_episodes_arr": [8, 32, 128, 512], "success_rate_arr": [0.505, 1.0, 1.0, 1.0], "mean_steps_arr": [60.598333333333336, 24.7725, 25.18875, 25.41375]}